name,mass,year,Hreclat,Wreclong
Train,25,1880,40.775000,-75.083330
Traintwo,22,1880,39.875000,-75.083330
Trainthree,22,1880,39.875000,-74.583330
Trainfour,22,1880,39.275000,-74.783330
Aachen,200,1880,47.775000,6.083330
